,SPY,QQQ,IWM,EFA,EEM,VNQ,TLT,IEF,TIP,LQD,HYG,GLD,DBC
2015-01-31,0.0741,0.0601,0.0572,0.0490,0.0407,0.0465,0.1251,0.1388,0.1077,0.1070,0.0891,0.0451,0.0596
2015-04-30,0.0767,0.0659,0.0625,0.0487,0.0470,0.0451,0.1094,0.1321,0.1079,0.1072,0.0866,0.0473,0.0637
2015-07-31,0.0801,0.0688,0.0681,0.0552,0.0513,0.0491,0.0834,0.1199,0.0990,0.1026,0.0949,0.0527,0.0749
2015-10-31,0.0714,0.0623,0.0591,0.0498,0.0458,0.0467,0.0857,0.1277,0.1011,0.1099,0.0913,0.0609,0.0883
2016-01-31,0.0662,0.0574,0.0593,0.0489,0.0446,0.0470,0.0894,0.1386,0.1055,0.1107,0.0856,0.0596,0.0872
2016-04-30,0.0654,0.0571,0.0571,0.0496,0.0396,0.0437,0.0949,0.1505,0.1073,0.1024,0.0860,0.0629,0.0836
2016-07-31,0.0622,0.0599,0.0505,0.0531,0.0388,0.0419,0.0988,0.1568,0.1188,0.1065,0.0840,0.0624,0.0663
2016-10-31,0.0639,0.0587,0.0533,0.0560,0.0379,0.0417,0.0915,0.1598,0.1229,0.1051,0.0853,0.0583,0.0655
2017-01-31,0.0678,0.0593,0.0581,0.0557,0.0395,0.0430,0.0825,0.1496,0.1260,0.1022,0.0889,0.0580,0.0696
2017-04-30,0.0673,0.0589,0.0597,0.0578,0.0375,0.0440,0.0810,0.1482,0.1233,0.1013,0.0885,0.0595,0.0730
2017-07-31,0.0674,0.0585,0.0605,0.0567,0.0374,0.0445,0.0810,0.1468,0.1256,0.0999,0.0873,0.0593,0.0749
2017-10-31,0.0653,0.0535,0.0731,0.0544,0.0354,0.0447,0.0823,0.1448,0.1250,0.0973,0.0881,0.0603,0.0757
2018-01-31,0.0638,0.0535,0.0739,0.0543,0.0352,0.0466,0.0797,0.1476,0.1263,0.0967,0.0892,0.0570,0.0761
2018-04-30,0.0584,0.0524,0.0666,0.0516,0.0328,0.0443,0.0831,0.1559,0.1341,0.0978,0.0925,0.0595,0.0710
2018-07-31,0.0585,0.0515,0.0615,0.0536,0.0332,0.0455,0.0865,0.1543,0.1356,0.0986,0.0952,0.0580,0.0679
2018-10-31,0.0632,0.0541,0.0669,0.0615,0.0366,0.0443,0.0804,0.1394,0.1341,0.0931,0.0999,0.0548,0.0717
2019-01-31,0.0576,0.0499,0.0508,0.0564,0.0362,0.0438,0.0789,0.1468,0.1309,0.0951,0.1107,0.0722,0.0708
2019-04-30,0.0595,0.0506,0.0525,0.0598,0.0413,0.0441,0.0784,0.1362,0.1313,0.0975,0.1036,0.0748,0.0705
2019-07-31,0.0499,0.0391,0.0455,0.0495,0.0381,0.0457,0.0894,0.1494,0.1461,0.0968,0.1014,0.0760,0.0732
2019-10-31,0.0524,0.0419,0.0490,0.0528,0.0413,0.0475,0.0813,0.1455,0.1453,0.0948,0.1020,0.0732,0.0730
2020-01-31,0.0479,0.0398,0.0416,0.0522,0.0384,0.0480,0.0966,0.1595,0.1422,0.0955,0.0972,0.0768,0.0643
2020-04-30,0.0462,0.0460,0.0355,0.0468,0.0389,0.0369,0.1327,0.1907,0.1314,0.0795,0.0754,0.0876,0.0522
2020-07-31,0.0422,0.0405,0.0323,0.0468,0.0387,0.0361,0.1431,0.2076,0.1274,0.0755,0.0741,0.0774,0.0582
2020-10-31,0.0413,0.0394,0.0327,0.0486,0.0386,0.0369,0.1388,0.2248,0.1287,0.0763,0.0708,0.0668,0.0560
2021-01-31,0.0398,0.0380,0.0306,0.0428,0.0387,0.0361,0.1323,0.2291,0.1331,0.0779,0.0737,0.0769,0.0510
2021-04-30,0.0413,0.0373,0.0322,0.0447,0.0405,0.0407,0.1286,0.2197,0.1342,0.0776,0.0738,0.0736,0.0557
2021-07-31,0.0412,0.0375,0.0330,0.0446,0.0420,0.0392,0.1269,0.2218,0.1327,0.0795,0.0747,0.0746,0.0523
2021-10-31,0.0401,0.0366,0.0338,0.0439,0.0424,0.0385,0.1262,0.2204,0.1341,0.0792,0.0758,0.0737,0.0555
2022-01-31,0.0421,0.0402,0.0366,0.0459,0.0448,0.0374,0.1337,0.2088,0.1350,0.0790,0.0756,0.0667,0.0544
2022-04-30,0.0418,0.0387,0.0352,0.0455,0.0481,0.0391,0.1279,0.1985,0.1313,0.0781,0.0771,0.0702,0.0684
2022-07-31,0.0412,0.0362,0.0355,0.0458,0.0513,0.0404,0.1116,0.1979,0.1292,0.0781,0.0752,0.0822,0.0754
2022-10-31,0.0417,0.0360,0.0370,0.0464,0.0526,0.0401,0.1131,0.1821,0.1150,0.0810,0.0779,0.1025,0.0746
