Date,SPY,QQQ,IWM,EFA,EEM,VNQ,TLT,IEF,TIP,LQD,HYG,GLD,DBC
2020-01-31,-0.00040387023012367074,0.030384230321018446,-0.031025528550223114,-0.028225759617752977,-0.0615108451845261,0.012285880177360875,0.07691162210353486,0.03465779439910066,0.021360855561247005,0.024460829517010785,-0.004661817590894568,0.04499655849690343,-0.08589335493365158
2020-02-29,-0.07916571952320095,-0.06057422890570141,-0.08845741503707105,-0.07765274494655638,-0.0377583798955301,-0.07026521399012997,0.06626479057123391,0.02961695397729147,0.009223686043619894,0.010914149338119294,-0.01289524700429856,-0.006361728631845698,-0.06652966873256061
2020-03-31,-0.12487120440295996,-0.07285849805199551,-0.2147706087000829,-0.14106676479312608,-0.1576998315911925,-0.1939181541042454,0.06376689257868273,0.03722703499600111,-0.01757896990292318,-0.0631187090624884,-0.10028019200135774,-0.002224031676743232,-0.17340180148868067
2020-04-30,0.12698355471413159,0.14973763029609377,0.13847634234026107,0.058174411384964264,0.07354209141286683,0.08962096512400253,0.01218965986434628,0.0027523850166280006,0.030285734921643215,0.0484576808077235,0.048835969598697515,0.07261060302877431,-0.031111108946165755
2020-05-31,0.04764525938381858,0.06600882565267496,0.06591970310605033,0.05426883152584727,0.0297490243720977,0.0173429729107184,-0.017618886028040737,0.003274909778335333,0.006512057415337891,0.02460243385742289,0.029464861748631943,0.02588161543682088,0.08073403683356317
2020-06-30,0.017734463074893236,0.06286667670842139,0.034299263408209324,0.035111936673493105,0.0660491768821092,0.024249143845608723,0.0033658932310058898,0.0004266215698360831,0.009852179319794319,0.021275459692270626,-0.005834423971018743,0.02737702630176453,0.04499140828167403
2020-07-31,0.058892307626010165,0.0734654757498523,0.02919407979768751,0.0193856284636702,0.08252063464966275,0.036419174726844084,0.04435114376445726,0.008541337342461208,0.02325215404544223,0.03100108386822109,0.05060520209552788,0.10790463097013703,0.051177847728508086
2020-08-31,0.0697965139082184,0.10944694102994212,0.05476390982546642,0.047219964867515785,0.02887511413819044,0.0044233456519675585,-0.050465180985835856,-0.00969848747670754,0.008898869540334475,-0.01778309626781538,-0.00022328913852642795,-0.0032356731296194763,0.04636789979782385
2020-09-30,-0.03744372124482653,-0.05778648499434502,-0.032613239562605534,-0.02046794361055404,-0.010103424249391257,-0.026643234446334207,0.007734303496037986,0.003277739432570703,-0.0037801078354107176,-0.004397247743586519,-0.009316874410972287,-0.0417140433776253,-0.03545045505195332
2020-10-31,-0.024933377017511527,-0.03044870646159925,0.022030797627841325,-0.035506573026797716,0.014062180147464964,-0.030015069414680462,-0.03385232623358492,-0.0138079998515388,-0.006765648663166979,-0.005103603572202409,0.00403433504604922,-0.0051942084141127776,-0.03139361968173937
2020-11-30,0.10877668947462382,0.11225780649679651,0.1824416851020667,0.14269404862941282,0.08991277848848322,0.09674904193466372,0.016639197624154223,0.003384011363969819,0.012072623718901276,0.03771524812140181,0.033512026456561594,-0.05408625961608993,0.10197624609326694
2020-12-31,0.03704843354729559,0.04902398118778284,0.08646448556488573,0.05015416419227581,0.07129464207536707,0.027340736828223466,-0.012276421626623568,-0.0023848121587390914,0.01097583505946198,0.0015068357427776569,0.019579383150183816,0.07013861264675048,0.05451941891994738
2021-01-31,-0.010190378372995634,0.0026137637977421413,0.04845465097841606,-0.007812475765734517,0.031739976653049506,0.000353174471192208,-0.036328205353955645,-0.010921239363727353,0.002663683589003485,-0.018316110483080017,-0.003780021821833346,-0.03223816988295236,0.03333327120161145
2021-02-28,0.027805575271001803,-0.0013348730802233977,0.06202568423776422,0.022378662270015726,0.007878340057523303,0.03425116639864534,-0.05732910032237193,-0.023633060686620855,-0.01687650837360022,-0.022633254587234752,-0.00244662701926035,-0.06256881416817583,0.10138250144684746
2021-03-31,0.04539912672364754,0.01716751389266813,0.013950504216564852,0.025131927267105114,-0.0072585489639065415,0.05152041873806379,-0.05245269661529006,-0.023856790352721036,-0.0026228685627077697,-0.014780456063428038,0.012155720999625252,-0.011433105943016053,-0.007172698464441907
2021-04-30,0.05291038347611332,0.05909814808725078,0.017878038959612708,0.029524031118747684,0.011998577795529819,0.07859781182245706,0.024951118076868672,0.010012586559801528,0.014297327171000518,0.010431582395520334,0.006376075244838297,0.035633887903232075,0.07826620283918384
2021-05-31,0.006566228508875893,-0.012012171055300058,0.0027123869294995995,0.03482264912812405,0.016487466356284397,0.008074419228980556,2.163065980154144e-05,0.00424844623360654,0.01023927125643076,0.006227004096811761,0.00038995327406143865,0.07678377966625938,0.038525776796290545
2021-06-30,0.022427632791305552,0.06262140828944163,0.01868986217333868,-0.010780077218468631,0.00950403341235373,0.02637525764819837,0.0441906811559758,0.010225366736463348,0.007246920505390886,0.02211396462621762,0.013246872328522175,-0.07147662098325525,0.03494637183303562
2021-07-31,0.02441232836843965,0.02860954243507363,-0.03627328328423185,0.007733196293074673,-0.06436977352627926,0.044208746959361944,0.037166592735195625,0.01990237639635084,0.02675777000822932,0.014190307199053676,0.001048391341060606,0.025297363508325565,0.01298693017210617
2021-08-31,0.02975964005015319,0.04218639803882418,0.022031442407499435,0.014467442272241504,0.0156975954755032,0.021544816420703716,-0.0034019998703627152,-0.003944341986846123,-0.0016408381128735217,-0.003439573344028224,0.006087421778677271,-0.0007655451490135023,-0.01641015310777172
2021-09-30,-0.04660538307176065,-0.056831566573276926,-0.028803644208293844,-0.032614044054414926,-0.03873313114060539,-0.05681471593887444,-0.029069777091914495,-0.015970453209523283,-0.007801203648881039,-0.01507387059261045,-0.003700922201556156,-0.03223525924924131,0.05213753826869394
2021-10-31,0.07016358687065471,0.07864010620996997,0.042514279218359485,0.03179074681632321,0.010718458369239903,0.07133034551182504,0.024650100895571292,-0.00442975122842193,0.011095531619747412,0.005309551973487148,-0.00310766508651239,0.014797178527087285,0.05797826545533469
2021-11-30,-0.008034762693152397,0.01996840262225663,-0.04332381343853264,-0.04534735854962302,-0.040848235011997636,-0.021093385623799477,0.027714609397370582,0.010921426012826974,0.00865022872893495,-0.0011863662147982845,-0.011690451211234909,-0.006900653696985448,-0.08758788049033606
2021-12-31,0.04624767556565512,0.011523308099466112,0.022714864823241143,0.04390937906205661,0.015070716540514395,0.09705622084426313,-0.02013775460569911,-0.0052407097956183035,0.004029582952413291,-0.0003412060379316406,0.022842088067490884,0.032990977123064535,0.06673514251197732
2022-01-31,-0.05274105610948299,-0.08747008847087556,-0.09534733099507908,-0.03634989951360601,-0.00020476181121253934,-0.08421707749583585,-0.03913900533013359,-0.021130304250237097,-0.020588029931982055,-0.03591925192761358,-0.026549170863055083,-0.016787612677039987,0.07892206834336579
2022-02-28,-0.02951699405150565,-0.04475979180454204,0.010336139440861869,-0.034291664380020404,-0.043202337705798066,-0.0348267065625536,-0.016329910790633284,-0.003040722281118735,0.008556787448171121,-0.021314403352134526,-0.008590604534931656,0.061217257237826006,0.06467437792998854
2022-03-31,0.037590119420519263,0.046678809660607445,0.01157518818207115,0.005189615218341048,-0.033810961975865084,0.06263916914998835,-0.0544439976457155,-0.040609265498982694,-0.018755572630028472,-0.02893783050988974,-0.012871628058921392,0.0127255799503041,0.0917469323608302
2022-04-30,-0.08776888164183949,-0.13595725128814184,-0.0989916172677675,-0.06739120938997467,-0.061351255185070785,-0.040878366193441984,-0.09423861653139631,-0.042283015813725955,-0.021830467527476083,-0.06699244812041394,-0.04180230999835921,-0.020702963524693363,0.0564084373940954
2022-05-31,0.0022573107696663985,-0.01586591961737316,0.001946760769273137,0.019959396009256558,0.006134777769675415,-0.04685395996934694,-0.022533132790862,0.006184087688933193,-0.009922291994366783,0.018639099220750577,0.016299011445674916,-0.03261547766106776,0.04613135464036233
2022-06-30,-0.08246045023184778,-0.08907903744896561,-0.0836635472509425,-0.08766636864240007,-0.05157651929880924,-0.07448895707772252,-0.012745603784921844,-0.008634310262291445,-0.031155384370814332,-0.036228253968662805,-0.07049867645092989,-0.01565965107712486,-0.0749999828749438
2022-07-31,0.09208722534617464,0.12551729113902566,0.10563285100705277,0.05168826687505712,-0.0034914019079458347,0.08615960575393355,0.02431031933917982,0.029614459353085154,0.04309868146277562,0.04444438320178401,0.06698855364114498,-0.0258815174913124,-0.01989476884568686
2022-08-31,-0.04080172379891911,-0.051321923058793795,-0.02002651172445702,-0.06116864649954801,-0.013263204693640729,-0.060125229143400016,-0.045530984570885114,-0.038538144735905,-0.02704231239143795,-0.044291763640264215,-0.043088922256632856,-0.02943328245830701,-0.014936961122898551
2022-09-30,-0.09244622542396352,-0.10535518062509452,-0.0966046868115753,-0.09222041200606224,-0.1153941592546085,-0.1287129476001322,-0.08235091081656898,-0.04734993110648822,-0.06732325944422302,-0.05979796661445991,-0.037403548296622846,-0.028881810636775418,-0.07037314746839363
2022-10-31,0.08127571710943404,0.03999848002993178,0.11162998826647486,0.05891793913220167,-0.019782191460687604,0.03505047787046167,-0.05964440405239646,-0.014539847767700564,0.014203694013869672,-0.007452651092131779,0.03365763704501035,-0.017844407703562548,0.05060639108924869
2022-11-30,0.05559173515985916,0.0554416638120343,0.022036550950312872,0.131681033143638,0.15589356036388335,0.06146053784326533,0.07151061324180397,0.03612228824529384,0.018329083957857817,0.0664764508142599,0.0343133646658742,0.0849186596373046,0.014729292797607485
2022-12-31,-0.057628395879638084,-0.09013695819801504,-0.06514113267759769,-0.01812906621857191,-0.026375062212090072,-0.050343455370166934,-0.026200265480173957,-0.01488061079278824,-0.013173754966705031,-0.015511363020201063,-0.017569920483198276,0.02930648566594085,-0.027115187951924136
2023-01-31,0.06288743845012479,0.10642933130192023,0.09818758564509134,0.09003664839047931,0.09129286150151339,0.10402509422838979,0.07643606682653559,0.03581113153349369,0.020762947706771895,0.05159816985083543,0.03666995789615024,0.05759257431981046,0.008924982100713352
2023-02-28,-0.025142746045064723,-0.0035978435581903723,-0.017234140042487578,-0.03074772510928414,-0.07567694706139805,-0.05864237165829489,-0.04850554339238222,-0.03270794777412578,-0.013529616646336007,-0.04169043806112471,-0.018851392406374234,-0.05367596391642193,-0.04463219771109339
2023-03-31,0.03707780333835631,0.09492758578798877,-0.048473250411346314,0.031290672624743276,0.03217363128732975,-0.02155462632658156,0.048393795338880885,0.03721100213883877,0.028643390760884735,0.03848473897402904,0.019843439926379824,0.07916128247166143,-0.0008416456308751874
2023-04-30,0.015974881666101393,0.005078915314848054,-0.017937409892676115,0.02936234396516091,-0.00836271446727943,0.0031310387088461233,0.003383189225915073,0.00814786458891259,0.0005175208689041089,0.0060402330812441285,0.0020214907392142045,0.008623522653246951,-0.007582109152011074
2023-05-31,0.004616245961100995,0.07883786436874751,-0.008162043422825782,-0.0400704917856014,-0.024022686457168985,-0.03961606724915001,-0.03015265114547161,-0.014383534114059016,-0.011960192107893342,-0.017689600165060604,-0.01231454859919534,-0.013419890078922081,-0.06409179955640587
2023-06-30,0.06479990559580551,0.06303859503628106,0.0806735012632287,0.044700174333470066,0.043988698468550025,0.05629458628539363,0.0021709177127227086,-0.012552764124490912,-0.0033988950747536606,0.008101123688273537,0.01780121230922327,-0.02221370606110007,0.02947862699740411
2023-07-31,0.03273315797802545,0.03860098663588052,0.06108814040905819,0.02703470168684774,0.06041447973997971,0.020344746795749158,-0.025442844072821713,-0.0065165020734851975,0.0004108562095994639,0.000537918856807762,0.011156568681509826,0.02288664235862692,0.0872245984818687
2023-08-31,-0.016251998125417777,-0.014830189746161793,-0.05082783621352027,-0.0393500693920964,-0.06626941627768834,-0.033779154034052405,-0.03142067281461858,-0.007308840108820047,-0.008126209078110347,-0.012290092782043516,0.001836310463737334,-0.012777635059315506,-0.0036467509820943267
2023-09-30,-0.04743436322934813,-0.05079861054576751,-0.05853608690632117,-0.0364882229239164,-0.03114614026567797,-0.07263748491290911,-0.07951116686663251,-0.03138836459230332,-0.01916844206967927,-0.03557302917304972,-0.016135130857836688,-0.047605861131121974,0.015046746511223619
2023-10-31,-0.021708751381114055,-0.020654774492274375,-0.06914110901474124,-0.029019212535907668,-0.032938197601980246,-0.03621481451818831,-0.05463186741413395,-0.019277068608955505,-0.0072332060549650246,-0.024119107637959436,-0.010431756570899231,0.07372411557093361,-0.01802877480800613
2023-11-30,0.09134383362649356,0.10818828370344447,0.09202529286005245,0.0821877518912788,0.07792926603548422,0.12081739777496003,0.09923829703936171,0.04554439325857129,0.027768224096685,0.07574455427654558,0.0488765612207529,0.02531372564947043,-0.02447976477294167
2023-12-31,0.04565533674974365,0.055869511180192344,0.12126169767079187,0.05350987772540705,0.03565325692242549,0.09445345361681112,0.08685801495193357,0.03772253503696632,0.024357940624636587,0.04875285274993191,0.03192544711452716,0.012821182352028115,-0.03291286635868107
2024-01-31,0.015926418069386106,0.01819223311290652,-0.0390114265201269,-0.004512190847797304,-0.04526242516720036,-0.050588299525888836,-0.022451308205981846,0.0007262374424368279,0.003349258699537394,-0.0044280033258611295,0.0011633002937185832,-0.014228180398366375,0.013157883578200247
2024-02-29,0.05218699884927269,0.052833607226411505,0.056252522118038106,0.029862754805965785,0.041677520296680814,0.01978767195625486,-0.02252211921682734,-0.020826555739487107,-0.010477581767512123,-0.019320316711389562,0.0030347813113349442,0.004563548019519192,-0.015226185311103313
2024-03-31,0.03270184195942716,0.012749615260440272,0.03486964819745131,0.03378641080510136,0.027256786621128848,0.019510551925367325,0.007828529301304288,0.007332383348324534,0.006465676894604311,0.015410004807682398,0.01089869387284681,0.08668323846462611,0.04456566281223617
2024-04-30,-0.04031968246788953,-0.043737728498184025,-0.0684736398646697,-0.03243195221678341,-0.0021908692151014764,-0.0794406282336736,-0.06455427422481497,-0.031297959730873015,-0.016907996543456427,-0.0324304718848627,-0.013512676781039401,0.02989497307015121,0.016108060711910177
2024-05-31,0.05057983792715803,0.06151803485068763,0.05038279847400817,0.050601850711024854,0.019516858264232884,0.04559722045201764,0.028869867618447786,0.018001585489703986,0.01777006703717876,0.02213713395697936,0.01633951543224077,0.016189210429127243,-0.0029991650992070573
2024-06-30,0.03528012497633348,0.06470123246551474,-0.011243785696364306,-0.018267363096500122,0.026180337334494208,0.018756117552340745,0.01817132073590999,0.012170329256723678,0.007615525672943324,0.005963438445705682,0.004793252187483166,-0.0013469974027457976,-0.001719002334276798
2024-07-31,0.012109030534064757,-0.016780983128877214,0.10335658978227102,0.025915968855132032,0.008452755659291045,0.07939356173090895,0.036299181105048595,0.02897198192860584,0.01727394075694133,0.026380788862132354,0.02352261978782222,0.053671963349382734,-0.027981061900350546
2024-08-31,0.023365538108427897,0.01103865623402056,-0.016885606538744713,0.03260326437650751,0.009778703749245388,0.05220636228705988,0.021112334592507054,0.013457834714678318,0.007990378460401626,0.0187052237822094,0.015474095686207834,0.02092249026936499,-0.020814877003584864
2024-09-30,0.021004712642796797,0.026215928995211968,0.007105434082484319,0.00783320872197768,0.057413002956405945,0.03269692147667658,0.019994384703787116,0.013824896600466818,0.01497602671227316,0.019628929110212967,0.016970561215694513,0.050888514912532656,0.007236571314352291
2024-10-31,-0.00892349614553678,-0.00864633419771832,-0.01416999936233454,-0.052732266674294426,-0.03074568768053898,-0.033566090639102764,-0.05454876056194191,-0.03387379539666502,-0.018468748629945075,-0.03179374751295305,-0.00963598016222078,0.04299348742370923,0.014369065928183655
2024-11-30,0.059633253192299174,0.05350829236679733,0.11071816281654301,-0.0031557275813671737,-0.026771700090190143,0.042591638515397046,0.019872082995026963,0.010209447937980398,0.004980487846608872,0.017908814250387595,0.016445774139964175,-0.031241364603207922,-0.019920335207353812
2024-12-31,-0.02405991693035059,0.004540329578168745,-0.0837388874437407,-0.02950160423840409,-0.016966863747686523,-0.08372187245336415,-0.063809865317347,-0.022584034112130502,-0.017143846347504987,-0.026757832946841975,-0.0078028349142065245,-0.014088486936242095,0.01722728461039935
2025-01-31,0.026856346816883425,0.021634131167749038,0.02498180803202632,0.04800943518517631,0.02152080290442293,0.016502085544587874,0.004923878245610691,0.006165612615025795,0.01370245189104069,0.005803150540411028,0.01360471658532214,0.06785607873643396,0.02759587731841817
2025-02-28,-0.012694718498254765,-0.027034849940873018,-0.05223418051375728,0.029530598529776242,0.011470065771209459,0.03699611916664791,0.05697069921528408,0.02799680337462518,0.021572014735899092,0.02371326741339197,0.009702384680329246,0.018216241876358952,0.001365542193477065
2025-03-31,-0.05571940913001028,-0.07586181376130607,-0.06854107412023525,0.0018386428088510431,0.011340086163060814,-0.02587783866904647,-0.01204696200995481,0.003419414219653971,0.006797228559743074,-0.004624858207015192,-0.0108581035745281,0.09446585889998316,0.022727313461619714
2025-04-30,-0.008670178174235654,0.013968271694090983,-0.023209161707493875,0.03695090868179385,0.0013729495508887357,-0.024409155729151144,-0.01360445840573421,0.0105611766354623,0.0012592000297579897,-0.002705989669398501,0.0011718340082909062,0.05424437277239913,-0.0857778632599584
2025-05-31,0.062844908465443,0.09178285661323704,0.05239660925215417,0.047905551108621935,0.04021934561562279,0.011207865638305003,-0.03210616125919796,-0.01239592075280005,-0.006319212405682451,0.0020641098294496008,0.01753234854386898,-0.0005595776946504261,0.01507046323581207
2025-06-30,0.051386351048915646,0.06385835911663174,0.055184305708111836,0.023962147637806686,0.07002035575773768,0.006884992678866109,0.026640234301950283,0.016019523261115776,0.009383824211673275,0.020824414686154036,0.01838513948785625,0.004051318985581975,0.044540337874050095
2025-07-31,0.023031464526309886,0.024236910912897924,0.01668295466454328,-0.02091947866326338,0.0066335062573454895,0.0008982705061566509,-0.011396413170657538,-0.005939036764362804,9.135399578208414e-05,-0.0008973431050277592,0.0013578069964697015,-0.0061345510598058706,0.029344342392092937
2025-08-31,0.020519542752579056,0.009539653971177842,0.07192677217070798,0.04524685186706168,0.02677101833544282,0.03477674319086588,0.00012686065388023415,0.01648142189110735,0.01612338572362626,0.010435686001342592,0.011053225745334405,0.049874624687468394,-0.010690501750062142
2025-09-30,0.035620266220022234,0.053762157383322906,0.03179111572442528,0.020660193612009436,0.07099877841968372,0.0005764683737941034,0.035909825587798316,0.006510871688300668,0.004216550484686943,0.018772127891266033,0.008859759651125287,0.11758415768627128,0.014407972239687483
2025-10-31,0.023837504679023125,0.04780387767235883,0.017647470276355604,0.011995225268050413,0.03558050306687166,-0.024502333299843748,0.013810840314304684,0.007112733853010811,0.003224755494716014,0.0014948412432831404,-0.00011134775847554401,0.035586670754335525,0.015534844102449874
2025-11-30,0.0019500531676446275,-0.015610300275391564,0.010234417366990822,0.007408309899920473,-0.017721525041297648,0.02422067909387038,0.0027233727558213516,0.009881404953024031,0.002170787440077371,0.009311710751549018,0.007463534054677368,0.05367817567023114,0.007867126314085038
2025-12-31,0.0007974069154037533,-0.006699315580919407,-0.007093578073973705,0.02710468633341412,0.021593041354370346,-0.022362604821730248,-0.026586162339204855,-0.007611805620173273,-0.006190547874545316,-0.007374761580558498,0.004925773443049453,0.02173350667644791,0.0022788157681672416
