Date,Equal weight,Minimum variance (sample),Minimum variance (Ledoit-Wolf),Maximum Sharpe (sample),Maximum Sharpe (Ledoit-Wolf),"Maximum Sharpe (Ledoit-Wolf, shrunk means)",Risk parity (sample),Risk parity (Ledoit-Wolf)
2023-01-31,0.064666,0.032503,0.032788,0.058173,0.058173,0.058173,0.053104,0.053935
2023-02-28,-0.035805,-0.029804,-0.030135,-0.032515,-0.032515,-0.032515,-0.035817,-0.035962
2023-03-31,0.028995,0.032961,0.033094,0.057398,0.057398,0.057398,0.033328,0.033216
2023-04-30,0.003723,0.002337,0.002407,0.003382,0.003303,0.003420,0.003368,0.003374
2023-05-31,-0.014783,-0.020080,-0.020292,-0.015463,-0.013562,-0.020835,-0.018842,-0.018781
2023-06-30,0.028877,0.002031,0.001417,0.035329,0.037167,0.030791,0.017581,0.017972
2023-07-31,0.025421,0.011840,0.012617,0.049983,0.050547,0.050215,0.020486,0.020713
2023-08-31,-0.022862,-0.005222,-0.005513,-0.011703,-0.012271,-0.011937,-0.017778,-0.017988
2023-09-30,-0.038837,-0.019299,-0.019579,-0.028914,-0.029070,-0.028978,-0.033907,-0.034115
2023-10-31,-0.020744,-0.007040,-0.005943,-0.019391,-0.021400,-0.025032,-0.013967,-0.014179
2023-11-30,0.066303,0.032110,0.031261,0.058780,0.059741,0.061488,0.053869,0.054309
2023-12-31,0.047793,0.023565,0.022853,0.030216,0.031731,0.034478,0.038821,0.039122
2024-01-31,-0.009844,0.002558,0.002413,0.012760,0.012760,0.012760,-0.005929,-0.006069
2024-02-29,0.013104,-0.011184,-0.011133,0.027515,0.027515,0.027515,0.004077,0.004347
2024-03-31,0.026228,0.019983,0.020490,0.035085,0.035085,0.035085,0.027448,0.027442
2024-04-30,-0.029177,-0.012260,-0.011880,-0.003352,-0.003352,-0.004316,-0.020601,-0.020818
2024-05-31,0.029934,0.013966,0.014006,0.026679,0.026679,0.027145,0.023311,0.023491
2024-06-30,0.012388,0.006330,0.006277,0.021808,0.021808,0.022316,0.009409,0.009481
2024-07-31,0.028507,0.015841,0.016334,0.003884,0.003884,0.004451,0.022956,0.023142
2024-08-31,0.014677,0.006402,0.006643,0.006141,0.006141,0.008517,0.011174,0.011296
2024-09-30,0.022860,0.016571,0.016855,0.028199,0.028199,0.027672,0.021700,0.021761
2024-10-31,-0.018442,-0.010851,-0.010621,0.011494,0.011288,0.010792,-0.013061,-0.013208
2024-11-30,0.019427,-0.000143,-0.000250,0.013954,0.014606,0.016173,0.009693,0.009935
2024-12-31,-0.028617,-0.010107,-0.010348,-0.007223,-0.007328,-0.007580,-0.020752,-0.020979
2025-01-31,0.023012,0.018401,0.018577,0.038225,0.038177,0.037664,0.023636,0.023628
2025-02-28,0.011121,0.017103,0.017273,-0.002485,-0.002756,-0.005995,0.012816,0.012819
2025-03-31,-0.007738,0.014208,0.014493,0.008255,0.007195,-0.006221,0.004589,0.004293
2025-04-30,-0.002988,-0.019523,-0.016804,0.017980,0.017980,0.017980,-0.008732,-0.008314
2025-05-31,0.022352,-0.000497,-0.000576,0.047337,0.047337,0.047337,0.014998,0.015174
2025-06-30,0.031940,0.021614,0.020830,0.038084,0.038084,0.038084,0.028592,0.028627
2025-07-31,0.004384,0.005627,0.005319,0.009969,0.011102,0.008106,0.005174,0.005098
2025-08-31,0.023178,0.011293,0.011686,0.023821,0.024307,0.023357,0.019109,0.019280
2025-09-30,0.032501,0.016916,0.017400,0.060225,0.061553,0.057540,0.031682,0.031786
2025-10-31,0.014540,0.006263,0.006614,0.027263,0.028508,0.021919,0.013389,0.013503
2025-11-30,0.007892,0.007562,0.008221,0.013909,0.013727,0.016595,0.009307,0.009321
2025-12-31,-0.000268,-0.000562,-0.000185,0.006381,0.006198,0.006791,0.000462,0.000482
