Date,Equal weight,Min variance (sample),Min variance (LW),Max Sharpe (sample),Max Sharpe (LW),Max Sharpe (LW + shrunk mean),Risk parity (sample),Risk parity (LW)
2015-01-31,0.017900,0.021733,0.020980,0.015786,0.012583,0.016925,0.025279,0.024788
2015-02-28,0.009812,-0.000299,-0.000213,0.017934,0.021037,0.011935,0.000474,0.001211
2015-03-31,-0.008236,-0.002528,-0.003564,-0.007891,-0.007381,-0.004771,-0.004843,-0.005173
2015-04-30,0.006366,0.001680,0.002335,-0.007672,-0.007720,-0.007058,0.002688,0.002884
2015-05-31,-0.004592,-0.003586,-0.003606,0.001819,0.002912,0.001426,-0.005134,-0.005133
2015-06-30,-0.018858,-0.015817,-0.014683,-0.024211,-0.023579,-0.022082,-0.018345,-0.018514
2015-07-31,-0.003913,0.000986,-0.001132,0.026503,0.025955,0.020647,-0.001261,-0.001489
2015-08-31,-0.033071,-0.014628,-0.016182,-0.048079,-0.050557,-0.038851,-0.027213,-0.027980
2015-09-30,-0.013058,-0.008048,-0.006826,-0.014716,-0.017306,-0.011893,-0.010285,-0.010674
2015-10-31,0.038398,0.013402,0.014172,0.058263,0.065862,0.059761,0.028573,0.029789
2015-11-30,-0.012867,-0.012456,-0.011288,0.001584,0.003516,0.002584,-0.012729,-0.012861
2015-12-31,-0.018321,-0.016058,-0.016586,-0.012656,-0.014193,-0.013993,-0.017416,-0.017526
2016-01-31,-0.018759,0.001782,0.000720,-0.019575,-0.024693,-0.019987,-0.008502,-0.009450
2016-02-29,0.010848,0.009400,0.010159,0.003729,0.003485,0.004297,0.012443,0.012504
2016-03-31,0.045806,0.025539,0.024029,0.038289,0.044030,0.039150,0.034966,0.035971
2016-04-30,0.013822,0.015930,0.016751,-0.011064,-0.011073,-0.011003,0.014377,0.014522
2016-05-31,0.000647,-0.000113,0.000357,0.018076,0.019214,0.017703,0.000610,0.000569
2016-06-30,0.028655,0.027095,0.026265,0.019092,0.019516,0.018600,0.029880,0.030000
2016-07-31,0.023772,0.007504,0.007825,0.029883,0.032891,0.024710,0.017036,0.017822
2016-08-31,-0.001594,-0.000460,0.000054,-0.001717,-0.001786,-0.002734,-0.002058,-0.001999
2016-09-30,0.008107,0.006462,0.006333,0.004183,0.002592,0.002602,0.006319,0.006387
2016-10-31,-0.022137,-0.011291,-0.011886,-0.020958,-0.023790,-0.018227,-0.019239,-0.019805
2016-11-30,-0.013153,-0.018253,-0.018592,-0.032232,-0.029978,-0.024669,-0.019249,-0.018743
2016-12-31,0.014049,0.006569,0.007427,0.004325,0.005517,0.006351,0.010314,0.010800
2017-01-31,0.019076,0.007514,0.006318,0.016468,0.017789,0.012152,0.013939,0.014631
2017-02-28,0.019548,0.011822,0.011885,0.025143,0.026080,0.019269,0.016149,0.016709
2017-03-31,0.001877,-0.000454,-0.001440,0.002663,0.002699,0.001769,0.000374,0.000416
2017-04-30,0.010310,0.007841,0.007546,0.016524,0.016568,0.013406,0.009450,0.009565
2017-05-31,0.009766,0.005970,0.006008,0.020739,0.020972,0.014830,0.008660,0.008852
2017-06-30,0.001490,-0.002667,-0.001872,-0.005871,-0.005316,-0.004722,-0.000314,-0.000031
2017-07-31,0.019263,0.007811,0.009185,0.016286,0.016175,0.013656,0.014567,0.015196
2017-08-31,0.011106,0.008055,0.008166,0.016661,0.016495,0.012925,0.010993,0.011114
2017-09-30,0.003553,-0.002120,-0.000501,-0.004534,-0.002555,-0.001738,0.000789,0.001198
2017-10-31,0.011599,0.001884,0.004394,0.010078,0.012474,0.006735,0.008423,0.008933
2017-11-30,0.009486,0.001370,0.003534,0.009773,0.013530,0.007316,0.006923,0.007483
2017-12-31,0.012085,0.004589,0.006706,0.005050,0.006523,0.005656,0.010103,0.010582
2018-01-31,0.019050,-0.005980,-0.002825,0.019578,0.029612,0.007485,0.008068,0.009946
2018-02-28,-0.031037,-0.013530,-0.016410,-0.019242,-0.022102,-0.017646,-0.024391,-0.025707
2018-03-31,0.004060,0.007925,0.006862,-0.005269,-0.008602,0.000039,0.005922,0.005660
2018-04-30,-0.000454,-0.002638,-0.003178,-0.001768,-0.000411,-0.002383,-0.002064,-0.001684
2018-05-31,0.014638,0.008645,0.011721,0.029426,0.028362,0.018495,0.013441,0.013800
2018-06-30,-0.002663,0.003097,0.001916,0.000984,0.000260,0.002168,-0.000672,-0.001077
2018-07-31,0.008450,0.003375,0.003877,0.007136,0.010805,0.007056,0.004188,0.004785
2018-08-31,0.009423,0.009659,0.010475,0.028975,0.029733,0.017757,0.009870,0.009830
2018-09-30,-0.004862,-0.006360,-0.005258,-0.012034,-0.010387,-0.007114,-0.005744,-0.005534
2018-10-31,-0.045071,-0.020831,-0.025987,-0.039219,-0.055869,-0.036437,-0.035268,-0.037434
2018-11-30,0.005099,0.005779,0.002445,0.004189,0.002212,0.001938,0.002821,0.002704
2018-12-31,-0.026340,-0.005432,-0.006903,-0.034079,-0.047908,-0.021616,-0.013627,-0.015898
2019-01-31,0.059950,0.028530,0.031476,0.041156,0.051083,0.039085,0.043558,0.046451
2019-02-28,0.011401,0.004706,0.005374,0.009564,0.012498,0.008120,0.007585,0.008258
2019-03-31,0.016844,0.019016,0.019167,0.018804,0.016831,0.018392,0.018279,0.018007
2019-04-30,0.013668,0.004505,0.006035,0.018403,0.024468,0.012726,0.008659,0.009462
2019-05-31,-0.022063,0.004591,0.001463,-0.024276,-0.036526,-0.012552,-0.007778,-0.010302
2019-06-30,0.042923,0.020413,0.025100,0.039080,0.049160,0.033722,0.034316,0.036511
2019-07-31,0.001164,0.001022,0.001297,0.007605,0.009421,0.004605,0.001128,0.001101
2019-08-31,0.011467,0.019902,0.020406,0.010989,0.010448,0.017909,0.022142,0.021873
2019-09-30,0.002619,-0.005211,-0.005471,-0.001029,0.000804,-0.002907,-0.003528,-0.002967
2019-10-31,0.016905,0.002350,0.003194,0.010289,0.014572,0.006248,0.010549,0.011393
2019-11-30,0.006577,0.000699,0.002125,0.011813,0.017569,0.008072,0.003075,0.003295
2019-12-31,0.022948,0.009502,0.009645,0.011633,0.013177,0.009742,0.014957,0.016010
2020-01-31,0.002564,0.010610,0.010868,0.035063,0.035979,0.021917,0.013222,0.012464
2020-02-29,-0.028157,0.004299,0.002301,-0.002010,-0.006679,-0.001090,-0.007565,-0.009911
2020-03-31,-0.082575,-0.034626,-0.036976,-0.018780,-0.022564,-0.032528,-0.046843,-0.051590
2020-04-30,0.063120,0.026962,0.027615,0.055454,0.058043,0.052920,0.039737,0.044965
2020-05-31,0.033844,0.015298,0.017057,0.019495,0.020537,0.019127,0.020425,0.022305
2020-06-30,0.027048,0.004106,0.009595,0.024805,0.025696,0.021963,0.016568,0.018695
2020-07-31,0.047439,0.029401,0.030186,0.048543,0.051499,0.040784,0.036034,0.040328
2020-08-31,0.022395,-0.000900,0.000127,0.016812,0.018186,0.011950,0.004781,0.005838
2020-09-30,-0.021530,-0.004521,-0.006525,-0.021050,-0.022728,-0.015928,-0.011270,-0.013187
2020-10-31,-0.013607,-0.009654,-0.012990,-0.023655,-0.022762,-0.016928,-0.014425,-0.014686
2020-11-30,0.067968,0.021063,0.026844,0.038931,0.034752,0.026766,0.036718,0.040764
2020-12-31,0.036748,0.010573,0.011256,0.014128,0.018143,0.014236,0.019292,0.021851
2021-01-31,-0.000033,-0.004970,-0.005343,-0.008348,-0.013553,-0.009032,-0.007278,-0.007357
2021-02-28,0.006140,-0.013222,-0.012327,-0.023163,-0.027606,-0.022535,-0.011634,-0.010688
2021-03-31,0.004301,-0.007593,-0.010418,-0.010517,-0.013416,-0.010377,-0.009072,-0.007807
2021-04-30,0.033075,0.014279,0.017832,0.027314,0.030219,0.019832,0.023719,0.025564
2021-05-31,0.014940,0.006394,0.008990,0.001209,0.003358,0.005944,0.012231,0.013222
2021-06-30,0.014209,0.013398,0.014532,0.027706,0.026115,0.016988,0.012377,0.012734
2021-07-31,0.010898,0.017006,0.018592,0.025836,0.025858,0.021519,0.017004,0.016709
2021-08-31,0.009347,-0.000778,-0.002229,0.008611,0.011131,0.001889,0.002470,0.003364
2021-09-30,-0.024390,-0.007793,-0.007512,-0.026328,-0.031246,-0.015818,-0.018940,-0.019966
2021-10-31,0.031650,0.005022,0.007668,0.022561,0.026746,0.013786,0.017057,0.019834
2021-11-30,-0.015464,-0.000178,-0.001751,0.008330,0.010617,0.001374,-0.003784,-0.005137
2021-12-31,0.025866,0.008067,0.007793,0.005269,0.005103,0.007279,0.012013,0.013846
2022-01-31,-0.033655,-0.018638,-0.015654,-0.031120,-0.037844,-0.021409,-0.026587,-0.028142
2022-02-28,-0.006115,0.001754,0.003743,-0.004636,-0.008421,0.001577,-0.002729,-0.003248
2022-03-31,0.006648,-0.019141,-0.016172,-0.005618,0.000920,-0.009312,-0.013502,-0.010133
2022-04-30,-0.055675,-0.029489,-0.029541,-0.030925,-0.043690,-0.031789,-0.046924,-0.049399
2022-05-31,-0.000395,0.006191,0.006583,0.002776,-0.001656,0.002044,0.001073,-0.000076
2022-06-30,-0.055205,-0.037341,-0.035050,-0.037463,-0.045728,-0.035969,-0.038110,-0.041343
2022-07-31,0.047713,0.031833,0.029683,0.015337,0.019608,0.017328,0.035884,0.036776
2022-08-31,-0.037987,-0.033363,-0.033153,-0.029493,-0.030219,-0.029612,-0.036650,-0.036852
2022-09-30,-0.079277,-0.057525,-0.057809,-0.060189,-0.063858,-0.060306,-0.067356,-0.069170
2022-10-31,0.023544,0.003649,0.002941,0.023249,0.023249,0.021813,0.007404,0.008262
2022-11-30,0.061618,0.035002,0.035784,0.047711,0.047711,0.043993,0.055245,0.056114
2022-12-31,-0.030704,-0.012384,-0.012378,-0.028306,-0.028306,-0.023148,-0.021032,-0.021505
